headline,source,published,sentiment,tone
Finastra Sells Mid-Market Banking Business to CORA Group,pymnts.com,2026-06-04,0.0,Neutral
PayMitto Sharpens Focus on Embedded Payment Solutions for Financial Institutions,GlobeNewswire,2026-06-04,0.0,Neutral
Telecom’s 5G Hangover Mirrors the Modernization Fatigue Facing CFOs,pymnts.com,2026-06-04,0.0,Neutral
"Sensex today | Stock Market Highlights: Sensex, Nifty end flat after weak open; ",BusinessLine,2026-06-04,-0.133,Negative
Why Amazon has struggled to crack India,Livemint,2026-06-04,0.0,Neutral
The Wallet Effect: How Credit Unions Can Close the Digital Currency Access Gap,pymnts.com,2026-06-04,0.0,Neutral
AI Agents in Fintech: The Rise of Autonomous Finance & Smart Banking,C-sharpcorner.com,2026-06-04,0.307,Positive
"UOB and FPT sign MoU to advance AI, technology transformation and financial inno",Antaranews.com,2026-06-04,0.0,Neutral
Why Amazon has struggled to crack the Indian market,Bloomberg,2026-06-04,0.0,Neutral
Why Amazon has struggled to crack India,The Times of India,2026-06-04,0.0,Neutral
Why Amazon has struggled to crack India,The Times of India,2026-06-04,0.0,Neutral
"SMEs need infrastructure beyond financing – Senior VP, FCMB",The Punch,2026-06-04,0.0,Neutral
Revolut US bank plans stablecoins alongside FDIC-insured accounts: Report,Cointelegraph,2026-06-03,0.0,Neutral
Relay Bank Review 2026 – Best Business Bank for Cash Flow Management?,Smashingapps.com,2026-06-03,1.0,Positive
Crypto Long & Short: What about the American consumer?,CoinDesk,2026-06-03,-0.017,Neutral
Revolut Wants to Give US Banking Customers Stablecoin Access,pymnts.com,2026-06-03,0.2,Positive
Two Years Ago vs. Today: CFOs and the ERP Shift,pymnts.com,2026-06-03,0.0,Neutral
RBI’s Swaminathan warns banks on rising risks beyond balance sheets,The Times of India,2026-06-03,0.0,Neutral
RBI’s Swaminathan warns banks on rising risks beyond balance sheets,The Times of India,2026-06-03,0.0,Neutral
"Alkami Technology Touts $500M ARR, AI Upside and Bank Demand at Fintech Event",MarketBeat,2026-06-02,0.0,Neutral
